H,D, ,2,0,0,4,6,6,B
V,*, ,V,1,8,7,6, ,C,y,g
*, ,6,1, ,C,y,g, ,B
*, ,t,a,u, ,C,y,g
*, ,6,1, ,C,y,g, ,A
G, ,2,1,1,-,1,4
T,Y,C, ,3,1,8,2,-,5,0,-,1
V,*, ,V,1,3,3,4, ,C,y,g
G,A,T, ,1,3,8,3
H,D, ,2,0,5,2,8,6
L, ,1,5,7,8,-,4,4, ,B
L, ,1,5,7,8,-,4,4
P,N, ,H,u, ,1,-,2
B,D,+,4,0, ,4,6,3,1
G, ,2,1,2,-,5,4
H,D, ,2,0,7,9,6,6
H,D, ,2,0,7,9,6,6,B
G, ,2,1,5,-,2,3
G, ,2,1,5,-,2,5
G, ,2,1,5,-,2,0
G, ,2,1,5,-,3,0
G, ,2,1,5,-,3,8
G, ,2,1,5,-,4,3
G, ,2,1,5,-,4,0
H,D, ,2,1,3,5,1,9
G, ,2,1,5,-,4,8
R,o,s,s, ,2,2,3
G, ,2,1,6,-,1,1
V,*, ,E,V, ,L,a,c
G, ,2,1,6,-,1,0
R,o,s,s, ,2,2,3,A
R,o,s,s, ,2,2,3,B
G, ,2,1,6,-,2,1
2,M,A,S,S, ,J,2,2,5,9,3,2,4,4,+,4,4,5,0,2,8,4
G, ,2,1,6,-,2,8
H,D, ,2,1,8,8,6,8
B,D,+,4,5, ,4,1,8,8
H,D, ,2,2,0,2,2,1
H,D, ,2,2,0,4,4,5
B,D,+,4,4, ,4,4,0,0
H,D, ,2,1,8,9,4,9
R,o,s,s, ,2,4,7
L,P, ,2,3,9,-,2,5
H,D, ,2,2,0,8,2,1
G, ,2,1,6,-,4,3
H,D, ,2,2,2,1,4,3
*, ,l,a,m, ,A,n,d
B,D,+,4,5, ,4,3,7,8
L,P, ,1,4,9,-,1,4
L,P, ,2,3,9,-,5,8
I,C, ,1,5,2,5
B,D,+,4,6, ,4,1,7,5
H,D, ,3,8,B
H,D, ,3,8,A
B,D,+,4,4, ,4,5,4,8
1,R,X,S, ,J,0,0,0,8,4,9,.,7,+,4,6,1,1,4,2
L,P, ,1,9,1,-,3,7
L,P, ,1,9,2,-,3,6
G, ,1,7,1,-,5,3
P,M, ,J,0,0,1,9,4,+,4,6,1,4
L,P, ,1,4,9,-,3,8
L,P, ,1,4,9,-,5,0
L,P, ,1,5,0,-,1,2
L,P, ,1,5,0,-,6
B,D,+,4,4, ,8,5
L,P, ,1,5,0,-,1,6
B,D,+,4,5, ,1,8,8
G, ,1,7,2,-,1,9
H,D, ,3,4,5,4
G, ,1,7,2,-,3,0
G, ,1,7,2,-,2,8
L,P, ,1,9,3,-,5,6,4
L,P, ,1,9,4,-,1
G, ,1,7,2,-,4,1
L,P, ,1,9,4,-,3,9
H,D, ,7,7,9,9
L,P, ,1,9,4,-,4,5
L,P, ,1,9,4,-,4,7
H,D, ,8,6,7,1
*, ,o,m,e, ,A,n,d
L,P, ,1,9,4,-,5,3
L,P, ,1,9,5,-,2,5
H,D, ,1,0,3,0,7
B,D,+,4,3, ,3,9,5
G, ,1,3,3,-,5,5
H,D, ,1,1,9,2,6
H,D, ,1,3,3,7,1
V,*, ,V,4,5,0, ,A,n,d
H,D, ,1,3,5,3,1
G, ,7,4,-,9
H,D, ,1,4,6,2,2
V,*, ,D,U, ,A,n,d
G, ,1,3,4,-,3,5
B,D,+,3,9, ,5,3,9
G,D, ,2,5
L,P, ,1,9,6,-,5,8
B,D,+,3,9, ,5,3,9,B
B,D,+,3,8, ,5,3,6
H,D, ,1,6,7,6,0
H,D, ,1,6,7,6,0,B
I,C, ,2,3,9
N,G,C, ,1,0,2,3
*, ,1,6, ,P,e,r
N,G,C, ,1,0,5,8
R,o,s,s, ,3,3,1
H,D, ,1,9,3,0,8
H,D, ,1,8,9,0,0
U,G,C, ,2,5,2,6
B,D,+,3,4, ,5,4,8
H,D, ,1,8,4,9,3
L,P, ,2,4,6,-,4,3
L,P, ,2,4,6,-,4,5
L,P, ,2,4,6,-,4,6
B,D,+,3,7, ,4,0,8,9
E,G,G,R, ,2,6,1
H,D, ,2,0,0,0,7,7
V,*, ,V,X, ,C,y,g
G, ,2,1,0,-,4,0
G, ,2,1,0,-,4,4
V,*, ,V,Y, ,C,y,g
B,D,+,4,0, ,8,8,3
L,P, ,2,3,4,-,1,3,9,0
H,D, ,2,0,3,4,5,4
H,D, ,2,0,0,3,2,5
G, ,2,1,2,-,1,6
C,l, ,B,e,r,k,e,l,e,y, ,5,4
V,*, ,V,2,0,6,9, ,C,y,g
V,*, ,V,3,8,6, ,C,y,g
L,P, ,2,3,4,-,2,1,4,2
G, ,2,1,2,-,5,0
V,*, ,V,Z, ,C,y,g
G, ,2,1,5,-,1,2
G, ,2,1,2,-,5,8
G,S,C, ,0,3,1,9,2,-,0,0,1,2,4
V,*, ,S,S, ,C,y,g
V,*, ,V,4,4,3, ,L,a,c
G, ,2,1,5,-,2,1
H,D, ,2,1,0,7,3,1
N,G,C, ,7,2,3,1
V,*, ,A,R, ,L,a,c
B,D,+,4,5, ,3,9,0,1
H,D, ,2,1,2,1,0,7
B,D,+,4,6, ,3,7,7,8
G, ,2,1,5,-,5,4
P,N, ,M,e, ,2,-,2
*, ,7, ,A,n,d
G, ,2,1,6,-,3,9
*, ,5, ,A,n,d
V,*, ,K,Z, ,A,n,d
H,D, ,2,1,8,7,3,9
H,D, ,2,1,8,7,9,0,A
H,D, ,2,1,8,7,9,0,B
T,Y,C, ,3,6,4,5,-,7,2,8,-,1
L,S,P,M, ,J,2,3,4,5,+,4,9,4,2
H,D, ,2,2,4,4,6,5
R,o,s,s, ,2,5,0
G, ,1,7,1,-,2,5
R,o,s,s, ,2,4,9
E,G,G,R, ,3,8,1
L,P, ,1,4,9,-,3,6
L,P, ,1,4,9,-,5,6
H,D, ,2,0,5,7
H,D, ,3,0,7,9
G, ,1,7,2,-,1
G, ,2,1,7,-,5,1
N,G,C, ,1,4,7
B,D,+,4,8, ,2,5,0
L,P, ,1,5,0,-,4,5
N,G,C, ,1,8,5
L,P, ,1,5,0,-,4,4
G, ,1,7,2,-,2,6
I,C, ,6,5
U,G,C, ,6,2,2
N,G,C, ,2,7,8
G, ,1,7,2,-,3,5
V,*, ,V,3,5,9, ,A,n,d
L,P, ,1,5,1,-,2,1
G, ,1,7,2,-,5,6
B,D,+,4,7, ,4,1,4
H,D, ,9,1,2,5
L,P, ,1,5,1,-,3,6
G, ,1,7,3,-,1,3
G, ,1,7,3,-,5
H,D, ,1,0,0,8,6
B,D,+,4,4, ,3,5,1
B,D,+,4,4, ,3,8,3
G, ,1,7,3,-,1,8
G, ,1,3,3,-,4,8
G, ,1,3,3,-,6,0
G, ,1,3,4,-,1
N,G,C, ,7,4,6
G, ,1,7,3,-,3,1
G, ,1,3,4,-,2,4
G, ,1,3,3,-,7,1
H,D, ,1,3,9,3,1
L,P, ,1,9,6,-,2,9
[,L,E,3,6,], ,2
L,P, ,1,9,6,-,3,0
G, ,1,3,4,-,3,2
L,P, ,1,9,7,-,5
N,G,C, ,8,9,1
G, ,7,4,-,2,9
N,G,C, ,1,0,0,3
H,D, ,1,5,8,3,0
L,P, ,1,9,7,-,2,4
*, ,1,2, ,P,e,r
G, ,7,4,-,4,3
B,D,+,3,9, ,6,8,0
G, ,1,3,4,-,6,3
U,G,C, ,2,4,6,3
H,D, ,2,7,5,1,2,2
W,o,l,f, ,1,3,2,4
U,G,C, ,2,5,4,3
H,D, ,2,7,5,2,2,7
L,P, ,2,4,7,-,1,3
H,D, ,1,9,7,7,1,A
H,D, ,1,9,6,8,5,0
G, ,2,0,9,-,3,8
G,D, ,3,9,1
R,o,s,s, ,1,8,8
G, ,2,1,0,-,3,8
T,Y,C, ,3,1,7,0,-,4,2,9,-,1
V,*, ,T,X, ,C,y,g
G, ,2,1,2,-,1,2
L,S,P,M, ,J,2,0,5,9,+,4,2,0,2
N,G,C, ,7,0,2,7
G, ,2,1,2,-,2,2
V,*, ,V,1,4,9,7, ,C,y,g
L,P, ,2,3,4,-,1,5,5,8
L,P, ,2,3,4,-,1,7,0,7
L,P, ,2,3,4,-,2,2,1,4
L,P, ,2,3,4,-,2,4,2,6
V,*, ,V,5,3,2, ,C,y,g
L,E,D,A, ,1,6,6,7,1,2
I,R,A,S, ,2,1,2,8,7,+,4,4,2,5
N,A,M,E, ,C,a,l,a,r, ,A,l,t,o, ,1
I,C, ,5,1,1,7
C,a,s,e, ,6,5,9
G, ,2,1,2,-,4,5
L,P, ,1,8,7,-,7
*, ,r,h,o, ,C,y,g
L,S,P,M, ,J,2,1,4,4,+,4,6,1,0
H,D, ,2,0,4,8,1,4
H,D, ,2,0,6,9,6,3
W,o,l,f, ,9,4,7
W,o,l,f, ,9,4,4
H,D, ,2,0,7,0,3,1
C,a,s,e, ,6,6,4
U,G,C, ,1,1,9,0,9
U,G,C, ,1,1,9,2,0
V,*, ,V,3,8,3, ,L,a,c
G,D, ,4,0,2
*, ,a,l,f, ,L,a,c
G, ,2,1,6,-,2
G, ,2,1,5,-,4,6
H,D, ,2,1,5,7,0,4
L,S,P,M, ,J,2,2,3,7,+,4,9,3,6,N
H,D, ,2,1,6,2,7,5
L,S, ,I,I,I, ,+,5,1, ,4,2
G, ,2,1,6,-,3,0
B,D,+,5,1, ,3,5,5,7
L,S,P,M, ,J,2,3,1,1,+,5,0,3,2
L,S,P,M, ,J,2,3,1,1,+,5,1,0,3
G, ,2,3,3,-,5,5
L,P, ,1,9,1,-,6
H,D, ,2,2,3,5,5,2
G, ,2,1,7,-,2,3
L,S,P,M, ,J,2,3,5,6,+,5,3,1,1
G, ,2,1,7,-,3,1
T,Y,C, ,3,6,5,2,-,2,3,6,-,1
L,P, ,1,4,9,-,3,5
V,*, ,T,U, ,C,a,s
L,P, ,1,4,9,-,6,2
G, ,2,1,8,-,5
G, ,2,1,7,-,5,9
G, ,1,7,2,-,1,1
H,D, ,3,1,4,9
G, ,1,7,2,-,1,4
G, ,1,7,2,-,1,5
G, ,2,1,7,-,5,5
T,Y,C, ,3,2,5,7,-,1,3,4,5,-,1
L,P, ,1,5,0,-,1,3
H,D, ,5,3,7,2
G, ,1,7,2,-,2,2
L,P, ,1,5,0,-,5,8
L,P, ,1,5,1,-,2,2
L,P, ,1,5,1,-,1,5
H,D, ,9,1,0,6
B,D,+,4,9, ,4,3,6
G,D, ,2,7,7
L,P, ,1,5,1,-,5,2
G, ,1,7,3,-,2,6
G, ,1,7,3,-,2,7
L,S,P,M, ,J,0,1,4,0,+,4,8,0,6
L,P, ,1,5,2,-,1,4
H,D, ,1,2,4,2,4
G, ,1,7,3,-,3,4
S,t,K,M, ,1,-,2,1,1
G, ,1,7,3,-,2,3
L,P, ,1,5,2,-,3,9
B,D,+,4,5, ,5,6,5
H,D, ,1,3,5,9,4,A
G, ,1,3,4,-,1,3
G, ,1,3,4,-,1,4
L,P, ,1,5,3,-,7
S,t,K,M, ,1,-,2,5,8
G, ,1,3,4,-,3,0
L,P, ,1,9,7,-,1,6
G, ,7,8,-,4
L,P, ,1,9,7,-,4,8
S,t,K,M, ,1,-,2,9,1
N,G,C, ,1,0,3,9, ,4,6,5
H,D, ,1,7,9,2,2
H,D, ,1,9,0,7,1
G, ,9,5,-,2
N,G,C, ,1,1,8,6
I,C, ,2,8,4
N,G,C, ,1,1,3,8
L,P, ,1,9,8,-,4,7,7
L,P, ,1,9,8,-,4,8,2
B,D,+,3,9, ,7,1,0,B
G, ,9,5,-,1,9
L,P, ,1,9,8,-,5,4,2
U,G,C, ,2,5,5,4
U,G,C, ,2,6,1,7
I,C, ,1,8,8,7
L,P, ,1,9,8,-,5,9,6
G,D, ,4,4
L,P, ,1,9,8,-,6,3,7
L,P, ,2,4,7,-,2,9
L,P, ,2,4,7,-,3,4
G, ,2,0,9,-,3,2
L,P, ,2,3,3,-,1
H,D, ,2,2,9,2,3,2
N,A,M,E, ,I,R,A,S, ,2,0,2,6,4,+,4,0,4,2, ,C,l,u,s,t,e,r
H,D, ,1,9,7,0,3,7
G, ,2,0,9,-,4,0
S,c,h,u,l,t,e, ,2
H,D, ,1,9,5,9,8,7
B,D,+,4,1, ,3,8,0,7
B,D,+,4,0, ,4,2,1,9
H,D, ,1,9,5,9,8,8
B,D,+,4,0, ,4,2,2,7,B
S,c,h,u,l,t,e, ,2,1
S,c,h,u,l,t,e, ,2,4
S,c,h,u,l,t,e, ,1
S,c,h,u,l,t,e, ,6,6
R,L,P, ,1,5,2,0
2,M,A,S,S, ,J,2,0,3,1,4,1,6,3,+,4,1,2,8,2,0,9
G,S,C, ,0,3,1,6,1,-,0,1,2,6,4
G,S,C, ,0,3,1,6,1,-,0,1,3,5,7
G,S,C, ,0,3,1,6,1,-,0,0,7,0,6
A,L,S, ,1,5,1,6,8
R,L,P, ,4,9,2
[,M,T,9,1,], ,2,1,3
[,M,T,9,1,], ,2,1,5
G,S,C, ,0,3,1,6,1,-,0,0,8,8,5
R,L,P, ,5,2,7
[,M,T,9,1,], ,2,2,1
A,L,S, ,1,5,1,6,5
A,L,S, ,2,1,1,1,3
S,c,h,u,l,t,e, ,2,3
E,M,*, ,A,S, ,4,2,7
R,L,P, ,2,1,0
R,L,P, ,4,9,4
A,L,S, ,1,5,1,5,6
A,L,S, ,1,5,1,5,5
R,L,P, ,6,7,8
2,M,A,S,S, ,J,2,0,3,1,3,3,6,4,+,4,1,3,6,0,4,6
G,S,C, ,0,3,1,6,1,-,0,1,0,1,6
G,S,C, ,0,3,1,6,1,-,0,1,2,1,8
2,M,A,S,S, ,J,2,0,3,1,3,0,5,5,+,4,1,3,7,1,5,9
G,S,C, ,0,3,1,6,1,-,0,1,0,0,3
A,L,S, ,1,5,1,6,6
V,*, ,V,2,1,9,0, ,C,y,g
2,M,A,S,S, ,J,2,0,3,2,3,8,3,5,+,4,1,2,8,5,6,7
R,L,P, ,7,2,4
A,L,S, ,1,5,1,8,0
2,M,A,S,S, ,J,2,0,3,3,1,3,3,6,+,4,1,2,6,3,9,7
A,L,S, ,1,5,1,5,0
G,S,C, ,0,3,1,6,1,-,0,1,0,8,7
G,S,C, ,0,3,1,6,1,-,0,1,0,8,6
R,L,P, ,3,3,5
R,L,P, ,1,0,7
A,L,S, ,1,5,1,8,9
B,D,+,4,0, ,4,2,2,7,A
2,M,A,S,S, ,J,2,0,3,1,3,4,1,5,+,4,1,3,1,0,8,2
2,M,A,S,S, ,J,2,0,3,1,5,5,4,0,+,4,1,3,5,2,7,6
[,M,T,9,1,], ,1,7,0
G,S,C, ,0,3,1,6,1,-,0,0,8,8,7
2,M,A,S,S, ,J,2,0,3,2,0,3,1,1,+,4,1,3,2,3,0,2
2,M,A,S,S, ,J,2,0,3,2,0,4,6,5,+,4,1,2,7,4,8,3
2,M,A,S,S, ,J,2,0,3,2,0,5,6,5,+,4,1,2,7,4,8,9
R,L,P, ,6,1,5
A,L,S, ,1,5,1,6,7
2,M,A,S,S, ,J,2,0,3,2,1,5,0,4,+,4,1,1,9,3,0,3
R,L,P, ,6,1,9
G,S,C, ,0,3,1,6,1,-,0,1,3,4,2
R,L,P, ,5,3,0
G,S,C, ,0,3,1,6,1,-,0,1,1,0,9
R,L,P, ,6,3,1
G,S,C, ,0,3,1,6,1,-,0,1,1,4,3
S,c,h,u,l,t,e, ,1,5
R,L,P, ,4,9,7
A,L,S, ,1,5,1,8,6
A,L,S, ,1,5,1,4,3
A,L,S, ,1,5,1,3,5
A,L,S, ,2,1,1,1,0
2,M,A,S,S, ,J,2,0,3,2,4,6,7,5,+,4,1,2,6,1,6,0
[,M,T,9,1,], ,3,3,6
S,c,h,u,l,t,e, ,4,1
S,c,h,u,l,t,e, ,5,4
2,M,A,S,S, ,J,2,0,3,3,1,1,8,2,+,4,1,2,4,0,5,4
S,c,h,u,l,t,e, ,6,4
A,L,S, ,1,5,1,8,4
A,L,S, ,1,5,1,9,2
A,L,S, ,1,5,1,7,7
[,D,7,5,b,], ,E,m,*, ,2,0,+,1,1,8
S,c,h,u,l,t,e, ,7,4
G,S,C, ,0,3,1,6,1,-,0,1,1,9,0
A,L,S, ,1,5,1,7,3
S,c,h,u,l,t,e, ,2,9
A,L,S, ,1,5,1,7,4
B,D,+,4,1, ,3,8,0,4
B,D,+,4,0, ,4,2,2,1
S,c,h,u,l,t,e, ,2,0
2,M,A,S,S, ,J,2,0,3,2,3,2,3,3,+,4,1,2,2,5,7,8
G,S,C, ,0,3,1,6,1,-,0,1,3,0,2
S,c,h,u,l,t,e, ,7,5
S,c,h,u,l,t,e, ,3,0
R,L,P, ,1,5,9,2
R,L,P, ,5,9,3
R,L,P, ,5,8,2
G,S,C, ,0,3,1,5,7,-,0,0,1,9,3
G,S,C, ,0,3,1,5,7,-,0,0,7,2,7
2,M,A,S,S, ,J,2,0,3,3,4,7,5,8,+,4,1,0,9,0,6,4
G,S,C, ,0,3,1,5,7,-,0,1,0,0,8
R,L,P, ,8,1,4
A,s,s, ,C,y,g, ,O,B, ,2
G,S,C, ,0,3,1,6,1,-,0,1,2,2,4
G,E,N,#, ,+,9,.,0,0,0,3,0,6,0,3
A,L,S, ,1,5,1,8,7
A,L,S, ,1,5,1,7,0
S,c,h,u,l,t,e, ,3,7
R,L,P, ,9,9,4
A,L,S, ,1,5,1,6,1
A,L,S, ,1,5,1,6,9
A,L,S, ,1,5,1,7,9
G,S,C, ,0,3,1,5,7,-,0,1,1,1,2
S,c,h,u,l,t,e, ,5,1
R,L,P, ,5,4,5
S,c,h,u,l,t,e, ,1,9
S,c,h,u,l,t,e, ,7
L,S,P,M, ,J,2,0,3,2,+,4,1,2,7
S,c,h,u,l,t,e, ,1,6
S,c,h,u,l,t,e, ,2,5
S,c,h,u,l,t,e, ,8,C
S,c,h,u,l,t,e, ,9
2,M,A,S,S, ,J,2,0,3,8,5,7,1,9,+,4,2,2,2,4,0,9
B,D,+,4,4, ,3,5,6,7
*, ,5,6, ,C,y,g
G, ,2,1,2,-,5
H,D, ,2,0,0,5,6,0
G,S,C, ,0,3,5,8,8,-,0,0,8,3,4
D,S,H, ,J,2,1,0,1,.,7,+,4,4,0,6
G, ,2,1,2,-,2,6
G, ,2,1,2,-,2,7
N,G,C, ,7,0,6,2
I,C, ,1,3,6,9
P,N, ,M, ,1,-,7,7
2,M,A,S,S, ,J,2,1,1,6,3,7,2,5,+,4,6,4,5,1,5,8
H,D, ,2,0,1,9,2,4
H,D, ,2,0,3,4,1,8
H,D, ,2,0,4,1,5,3
G, ,2,1,2,-,3,6
L,S,P,M, ,J,2,1,3,2,+,4,7,5,4
P,N, ,M, ,1,-,7,9
C,l,*, ,N,G,C, ,7,0,9,2, ,P,L,A,T, ,7,1,1,5
V,*, ,V,1,7,2,6, ,C,y,g
P,M, ,J,2,1,4,1,5,+,4,9,2,5
V,*, ,V,6,4,5, ,C,y,g
G, ,2,3,2,-,4,2
W,o,l,f, ,9,4,5
H,D, ,2,0,7,8,3,9
C,a,s,e, ,6,6,6
P,N, ,M, ,2,-,4,9
C,a,s,e, ,6,6,7
V,*, ,Y, ,L,a,c
U,G,C, ,1,1,8,7,4
C,a,s,e, ,6,6,9
C,a,s,e, ,6,7,2
C,a,s,e, ,6,7,3
N,I,K,C, ,4,-,4,8
N,I,K,C, ,4,-,5,5
G, ,2,3,2,-,6,4
G, ,2,3,2,-,6,7
G, ,2,3,2,-,6,9
V,*, ,P,X, ,L,a,c
B,D,+,5,1, ,3,2,6,8
V,*, ,L,L, ,L,a,c
T,Y,C, ,3,6,1,8,-,3,1,9,1,-,1
L,S,P,M, ,J,2,2,1,4,+,5,2,1,1
G, ,2,3,3,-,1,5
G, ,2,3,2,-,7,2
C,l, ,B,e,r,k,e,l,e,y, ,9,8
H,D, ,2,1,3,3,3,8
H,D, ,2,1,6,3,2,0
G, ,2,3,3,-,4,2
G, ,2,3,3,-,4,3
V,*, ,F,Z, ,A,n,d
H,D, ,2,1,9,6,2,3
R,o,s,s, ,3,0,3
G, ,2,1,7,-,1,2
H,D, ,2,9,9
G, ,2,1,7,-,3,8
B,D,+,5,3, ,7,9
P,N, ,H,u, ,1,-,1
G, ,2,1,7,-,4,5
G, ,2,1,7,-,4,3
T,Y,C, ,3,6,5,8,-,9,5,1,-,1
H,D, ,4,2,7,7
G, ,2,1,7,-,6,0
P,M, ,J,0,0,3,6,5,+,5,5,3,7
G, ,2,1,7,-,5,6
H,D, ,2,3,2,3,6,5
G, ,2,1,8,-,2,0
G, ,1,7,2,-,3,6
*, ,m,u,., ,C,a,s
H,D, ,8,0,5,4
H,D, ,2,3,2,4,3,6
G, ,1,7,2,-,5,1
G,D, ,2,7,5
G, ,1,7,2,-,5,0
H,D, ,9,4,4,0
G, ,2,1,9,-,8
G, ,1,7,3,-,2,0
H,D, ,1,1,1,5,1
G, ,1,7,3,-,3,7
G, ,1,7,3,-,3,9
G, ,1,7,3,-,4,4
L,P, ,1,5,2,-,5,2
B,D,+,4,7, ,6,1,2
U,G,C, ,1,8,4,5
H,D, ,1,5,7,7,7
G, ,1,3,4,-,5
T,Y,C, ,3,2,9,8,-,6,8,7,-,1
L,P, ,1,5,3,-,1,4
*, ,k,a,p, ,P,e,r
G, ,1,3,4,-,7,2
G, ,7,8,-,1,5
U,G,C, ,2,4,2,2
N,G,C, ,1,1,9,3
N,G,C, ,1,1,6,0
2,M,A,S,S, ,J,0,3,0,1,0,3,2,0,+,4,4,1,6,5,6,7
G, ,1,3,4,-,6,8
G, ,7,8,-,1,8
N,G,C, ,1,1,7,1
H,D, ,1,9,7,6,9
*, ,l, ,P,e,r
L,P, ,1,9,8,-,2,9,1
G, ,7,8,-,3,2
U,G,C, ,2,6,8,9
N,G,C, ,1,2,6,4
2,M,A,S,X, ,J,0,3,1,9,5,2,9,6,+,4,1,1,8,0,8,2
N,G,C, ,1,2,8,2
U,G,C, ,2,7,1,7
G, ,9,5,-,3,0
N,G,C, ,1,3,3,4
W,o,l,f, ,1,4,6
I,C, ,3,1,6
W,o,l,f, ,1,4,2
W,o,l,f, ,1,4,0
H,D, ,2,7,5,3,6,3
U,C,A,C,2, ,4,5,9,3,4,9,8,0
H,D, ,2,7,5,4,5,8
G, ,2,0,9,-,2,2
G, ,2,0,9,-,1,8
I,C, ,1,3,1,1
M,C,C, ,8,1,8
V,*, ,B,Z, ,C,y,g
G, ,2,1,2,-,1,4
N,G,C, ,7,0,2,6
G, ,2,1,2,-,2,5
G, ,2,1,2,-,2,0
N,G,C, ,7,0,8,6
I,R,A,S, ,2,1,3,3,4,+,5,0,3,9
R,X, ,J,2,1,3,3,.,7,+,5,1,0,7
N,G,C, ,7,0,5,8
B,D,+,5,2, ,2,9,9,6
W,o,l,f, ,9,2,6
H,D, ,2,0,8,5,0,2
H,D, ,2,0,9,2,0,3
G, ,2,3,2,-,4,8
G, ,2,3,2,-,3,4
G, ,2,3,2,-,3,5
T,Y,C, ,3,9,6,8,-,3,4,8,-,1
H,D, ,2,1,1,4,7,2
B,D,+,5,3, ,2,7,9,0
N,G,C, ,7,2,4,5
H,D, ,2,1,0,1,4,4
G, ,2,3,2,-,6,2
H,D, ,2,1,2,1,0,6
C,a,s,e, ,6,7,6
R,o,s,s, ,6,6,9
V,*, ,R,R, ,L,a,c
V,*, ,Z, ,L,a,c
V,*, ,X, ,L,a,c
V,*, ,V, ,L,a,c
G, ,2,3,3,-,2,4
G, ,2,3,3,-,2,9
G, ,2,3,3,-,4,0
R,M,S, ,G,1,0,7,.,6,8,2,3,-,0,2,.,2,4,2,3,A
H,D, ,2,1,9,1,3,4
G, ,2,3,3,-,4,7
G, ,2,1,7,-,6
G, ,2,1,7,-,1
P,N, ,H,b, ,1,2
C,l, ,B,e,r,k,e,l,e,y, ,1,0,2
B,D,+,5,7, ,2,7,3,5
V,*, ,R,Y, ,C,a,s
I,R,A,S, ,2,3,4,7,2,+,5,6,5,6
N,G,C, ,7,7,8,9
H,D, ,2,2,2,7,9,4
V,*, ,F,M, ,C,a,s
H,D, ,7,0
H,D, ,1,2,3,A
V,*, ,S,Y, ,C,a,s
R,o,s,s, ,3,1,0
H,D, ,1,2,3,B
T,Y,C, ,3,6,6,0,-,9,6,0,-,1
C,a,s,e, ,5,2,2
G, ,2,1,8,-,7
E,G,G,R, ,2,4,5
G, ,2,1,8,-,1,4
*, ,e,t,a, ,C,a,s, ,B
C,l, ,K,i,n,g, ,2
W,o,l,f, ,3,3
*, ,e,t,a, ,C,a,s
G, ,2,1,8,-,2,4
*, ,t,e,t, ,C,a,s
R,o,s,s, ,9
G, ,2,1,9,-,9
H,D, ,8,0,0,4
G, ,2,1,9,-,1,1
G, ,1,7,3,-,1,9
G, ,2,1,9,-,1,7
2,M,A,S,X, ,J,0,1,4,9,2,8,9,2,+,5,5,3,3,5,4,3
H,D, ,1,0,5,5,6
G, ,1,7,3,-,3,3
V,*, ,V,4,7,1, ,P,e,r
L,S,R, ,J,0,1,5,7,+,5,3,0,8
B,D,+,5,2, ,5,7,0
B,D,+,4,8, ,7,3,9
*, ,t,e,t, ,P,e,r
*, ,t,e,t, ,P,e,r, ,B
L,P, ,1,5,4,-,6,4
G, ,7,8,-,1,1
H,D, ,1,8,7,6,8
U,G,C, ,2,4,5,9
M,C,C, ,9,9
N,G,C, ,1,1,6,9
N,G,C, ,1,2,4,5
B,D,+,4,3, ,6,9,9
G, ,7,8,-,2,8
W,o,l,f, ,1,5,6
L,P, ,1,5,4,-,2,2,0
H,D, ,2,2,5,2,1
H,D, ,2,3,0,5,0
B,D,+,4,1, ,7,2,7
V,*, ,G,K, ,P,e,r
H,D, ,2,3,4,3,9,B
R,o,s,s, ,3,6
W,o,l,f, ,1,9,4
H,D, ,2,2,6,9,7,8
G, ,1,2,5,-,5,0
H,D, ,1,8,8,7,5,3
H,D, ,2,2,6,3,9,3
V,*, ,V,7,8,4, ,C,y,g
T,Y,C, ,3,1,4,5,-,2,1,2,4,-,1
V,*, ,S,Z, ,C,y,g
R,o,s,s, ,1,7,6
G, ,2,0,9,-,3,0
H,D, ,1,9,2,9,8,5
H,D, ,1,9,3,7,0,1
G,D, ,3,9,3
C,l, ,B,e,r,k,e,l,e,y, ,5,3
R,o,s,s, ,1,9,6
H,D, ,2,3,5,4,7,3
C,l, ,B,e,r,k,e,l,e,y, ,5,5
R,o,s,s, ,1,9,8
G, ,2,3,1,-,4,4
R,o,s,s, ,2,0,1
E,G,G,R, ,3,7,8
R,o,s,s, ,2,1,5
V,*, ,C,P, ,C,e,p
B,D,+,5,5, ,2,6,4,7
*, ,e,p,s, ,C,e,p
G, ,2,3,2,-,6,3
N,G,C, ,7,2,3,5
A,T,O, ,J,3,3,2,.,8,5,1,8,+,5,7,.,2,6,5,7
2,M,A,S,S, ,J,2,2,1,1,0,4,4,6,+,5,7,0,8,4,1,7
H,D, ,2,1,0,8,5,5
G, ,2,3,3,-,2
V,*, ,V,3,5,1, ,C,e,p
G, ,2,3,2,-,7,0
H,D, ,2,3,9,9,9,9
H,D, ,2,1,5,5,8,8
C,l, ,B,e,r,k,e,l,e,y, ,9,5
C,l, ,B,e,r,k,e,l,e,y, ,9,7
S,H, ,2,-,1,3,8
H,D, ,2,3,9,9,6,0,B
H,D, ,2,4,0,1,6,6
V,*, ,C,R, ,C,e,p
R,o,s,s, ,2,2,7
N,G,C, ,7,4,1,9
S,H, ,2,-,1,4,2
[,K,C,9,7,c,], ,G,1,0,7,.,2,-,0,1,.,0
S,H, ,2,-,1,5,2
[,B,D,S,2,0,0,3,], ,3,7
V,*, ,S,W, ,C,a,s
S,H, ,2,-,1,5,9
L,B,N, ,1,1,1,.,1,4,-,0,0,.,7,2
B,F,S, ,1,7
I,R,A,S, ,2,3,0,3,3,+,5,9,5,1
T,Y,C, ,4,0,1,0,-,1,6,5,0,-,1
V,*, ,V,3,9,9, ,C,a,s
H,D, ,2,2,1,3,5,4
G, ,2,1,7,-,1,4
R,o,s,s, ,2,3,1
R,o,s,s, ,2,3,2
V,*, ,C,F, ,C,a,s
V,*, ,C,E, ,C,a,s, ,B
V,*, ,C,E, ,C,a,s, ,A
G, ,2,1,7,-,1,8
H,D, ,2,2,4,2,3,3
M,C,C, ,8,6,9
T,Y,C, ,4,0,1,3,-,1,3,7,4,-,1
H,D, ,2,3,6,3,4,8
V,*, ,B,D, ,C,a,s
G, ,2,1,7,-,3,2
H,D, ,2,4,0,4,7,6
G,A,T, ,1,3,6,7
B,D,+,6,0, ,7,3
V,*, ,V,3,7,9, ,C,a,s
W,o,l,f, ,1,0
V,*, ,D,L, ,C,a,s
N,G,C, ,1,3,6
V,*, ,V,7,0,9, ,C,a,s
[,I,8,1,], ,M, ,2,9,3
V,*, ,V,1,0,3,3, ,C,a,s
[,I,8,1,], ,M, ,1,3,4
W,o,l,f, ,3,2
G, ,2,1,8,-,1,6
H,D, ,5,0,1,5
W,o,l,f, ,1,5
C,a,s,e, ,5,2,4
V,*, ,X,Y, ,C,a,s
B,D,+,5,8, ,1,1,8
*, ,g,a,m, ,C,a,s
T,Y,C, ,4,0,1,6,-,9,2,0,-,1
H,D, ,7,2,8,4
W,o,l,f, ,5,9
G, ,2,1,8,-,2,7
G, ,2,1,8,-,2,2
E,M,*, ,G,G,A, ,2,5
E,M,*, ,G,G,A, ,3,0
W,o,l,f, ,5,8
H,D, ,2,3,6,7,1,7
C,a,s,e, ,5,2,7
N,G,C, ,4,5,7
G, ,2,1,9,-,3
T,Y,C, ,3,6,7,8,-,7,1,3,-,1
C,a,s,e, ,5,3,4
R,o,s,s, ,1,0
C,a,s,e, ,5,3,5
C,a,s,e, ,5,3,1
H,D, ,2,3,6,8,9,0
R,o,s,s, ,1,4
H,D, ,1,3,4,0,3
V,*, ,C,N, ,P,e,r
V,*, ,E,W, ,P,e,r
B,D,+,5,3, ,4,6,7
H,D, ,1,4,0,3,9
G, ,2,2,0,-,6
V,*, ,V,4,4,0, ,P,e,r
G, ,1,7,3,-,5,5
G, ,1,7,3,-,5,8
H,D, ,1,5,4,0,7
H,D, ,1,5,4,0,7,B
E,G,G,R, ,3,1,4
H,D, ,1,7,3,7,9
G, ,1,7,4,-,2,5
H,D, ,2,3,2,7,4,1
R,o,s,s, ,3,4,1
G, ,1,7,4,-,2,8
M,C,G,+,0,9,-,0,6,-,0,0,1
V,*, ,V,5,6,5, ,P,e,r
G, ,1,7,4,-,1,8
B,D,+,4,9, ,8,7,3
*, ,i,o,t, ,P,e,r
R,o,s,s, ,3,4,6
H,D, ,1,8,9,1,6
H,D, ,2,0,5,4,8
B,D,+,4,7, ,8,0,5
U,G,C, ,2,7,7,3
H,D, ,2,0,6,7,5
G, ,7,8,-,2,5
R,o,s,s, ,3,5,5
L,P, ,1,5,5,-,4,7
H,D, ,2,1,8,4,5
G, ,7,8,-,4,5
*, ,3,6, ,P,e,r
H,D, ,2,3,1,4,0
H,D, ,2,2,5,2,0
G, ,7,8,-,4,8
P,M, ,J,0,3,3,9,6,+,4,5,3,1
G, ,9,5,-,5,9
L,P, ,2,0,0,-,3,1
H,D, ,1,8,8,1,0,0
B,D,+,4,2, ,3,4,3,4
H,D, ,2,2,6,3,1,7
V,*, ,V,1,1,5,4, ,C,y,g
H,D, ,2,2,6,2,1,0
H,D, ,1,8,6,7,8,8
V,*, ,V,1,5,1,0, ,C,y,g
T,Y,C, ,3,1,4,4,-,2,8,2,-,1
T,Y,C, ,3,1,4,4,-,2,4,1,8,-,1
T,Y,C, ,3,1,4,5,-,2,7,-,1
T,Y,C, ,3,1,4,5,-,7,6,-,1
T,Y,C, ,3,1,4,5,-,3,2,3,-,1
T,Y,C, ,3,1,4,5,-,1,1,7,0,-,1
G, ,2,0,8,-,4,5
G, ,2,0,8,-,4,4
H,D, ,1,9,0,0,6,4
H,D, ,1,9,0,1,4,8
G, ,2,0,9,-,1,1
T,Y,C, ,3,1,4,9,-,4,7,3,-,1
T,Y,C, ,3,1,6,2,-,1,1,1,-,1
T,Y,C, ,3,5,5,8,-,1,2,4,8,-,1
T,Y,C, ,3,5,5,8,-,2,0,2,1,-,1
T,Y,C, ,3,5,5,8,-,2,0,6,4,-,1
H,D, ,1,9,2,2,3,9
N,G,C, ,6,8,8,4
*, ,4,3, ,C,y,g
L,E,D,A, ,1,6,6,6,8,4
2,M,A,S,S, ,J,2,0,4,0,1,3,4,8,+,5,0,5,9,1,7,0
A,S,A,S, ,J,2,0,2,6,3,1,+,5,0,5,1,.,5
G, ,2,3,0,-,3,7
L,S,P,M, ,J,2,0,3,6,+,5,1,0,0
B,D,+,5,2, ,2,8,1,5
H,D, ,1,9,8,3,8,7
G, ,2,3,1,-,1,4
N,G,C, ,7,0,0,8
H,D, ,2,3,5,4,5,1
L,S,R, ,J,2,0,5,9,+,5,5,1,7
G, ,2,3,1,-,3,0
G,D, ,5,4,8
H,D, ,2,0,7,5,1,4
I,R,A,S, ,2,1,5,0,0,+,5,9,0,3
V,*, ,I,R, ,C,e,p
B,D,+,6,0, ,2,4,1,2
[,B,D,S,2,0,0,3,], ,3,0
R,o,s,s, ,2,2,6
G, ,2,4,1,-,2,0
G, ,2,4,1,-,2,5
G, ,2,3,3,-,3,3
G, ,2,3,2,-,7,7
[,W,A,M,8,2,], ,1,1,1,.,5,2,5,+,0,.,8,1,8
E,G,G,R, ,2,8,4
L,B,N, ,1,1,0,.,1,1,+,0,2,.,4,4
M,C,C, ,8,5,8
L,P, ,1,0,9,-,5,7
V,*, ,C,Y, ,C,a,s
V,*, ,C,H, ,C,a,s
G, ,2,4,1,-,4,8
V,*, ,D,D, ,C,a,s
C,l, ,K,i,n,g, ,2,1
D,S,H, ,J,2,3,4,7,.,9,+,6,2,5,9
L,S, ,I, ,+,6,1, ,1,3,0
C,l, ,K,i,n,g, ,1
[,I,8,1,], ,M, ,5,0
H,D, ,2,2,4,7,9,2
C,l, ,S,t,o,c,k, ,1,8
L,S,R, ,J,0,0,0,2,+,6,3,5,7
G, ,2,4,3,-,3,3
C,l, ,K,i,n,g, ,1,5
L,P, ,7,9,-,4,1
S,N, ,1,5,7,2,A
A,s,s, ,C,a,s, ,O,B, ,4
W,o,l,f, ,4,7
B,D,+,6,1, ,1,9,5
W,o,l,f, ,4,4
1,R,X,S, ,J,0,1,0,2,2,8,.,1,+,6,3,3,2,5,6
W,o,l,f, ,5,3
S,H, ,2,-,1,8,6
N,G,C, ,3,6,6
H,B,H,A, ,6,2,1,0,-,0,3
E,M,*, ,G,G,A, ,1,9
*, ,d,e,l, ,C,a,s
G, ,2,4,4,-,3,2
E,M,*, ,G,G,A, ,8,7
L,P, ,8,0,-,7,7
L,P, ,8,0,-,4,1
N,G,C, ,6,6,3, ,6,1
E,M,*, ,V,E,S, ,6,2,4
N,G,C, ,6,6,3, ,8,4
E,M,*, ,G,G,A, ,1,0,4
N,G,C, ,6,5,4
E,M,*, ,G,G,A, ,5,5
A,s,s, ,C,a,s, ,O,B, ,8
E,M,*, ,G,G,A, ,9,4
H,D, ,1,1,1,2,6
H,D, ,1,2,4,8,2
I,R,A,S, ,0,2,0,4,4,+,6,0,3,1
G, ,2,1,9,-,2,6
H,D, ,2,3,6,8,6,9
B,D,+,5,8, ,3,1,7
H,D, ,1,2,0,8,8
G, ,2,1,9,-,2,2
E,M,*, ,G,G,A, ,1,1,7
V,*, ,V,X, ,P,e,r
R,o,s,s, ,2,0
V,*, ,U,X, ,P,e,r
R,o,s,s, ,1,5
K,i,s,o, ,C,1,-,2,0,9
L,A,W,D, ,1,2
C,a,s,e, ,5,4,1
R,o,s,s, ,2,1
V,*, ,L,R, ,P,e,r
G, ,1,7,4,-,7
G, ,1,7,4,-,4
G,D, ,2,8,3
C,l, ,C,z,e,r,n,i,k, ,8
G, ,1,7,3,-,6,1
H,D, ,1,7,4,9,5
G, ,1,7,4,-,1,2
N,I,K,C, ,2,-,3,2
U,C,A,C,3, ,2,9,5,-,6,4,9,1,1
E,G,G,R, ,4,7,3
R,o,s,s, ,3,6,4
R,o,s,s, ,3,6,5
*, ,g,a,m, ,P,e,r
H,D, ,2,3,2,7,8,1
B,D,+,5,1, ,6,9,7
C,l, ,K,i,n,g, ,5
B,D,+,4,9, ,9,6,6
G, ,1,7,4,-,5,4
A,s,s, ,P,e,r, ,O,B, ,3
K,o,e,n,i,g, ,4,8
G, ,9,5,-,5,5
V,*, ,M,M, ,P,e,r
E,G,G,R, ,5,7,0
L,P, ,1,5,5,-,2,1,4
H,D, ,2,5,9,1,8
L,P, ,2,0,0,-,3,3
H,D, ,2,5,1,0,0
H,D, ,2,7,6,1,2,5
H,D, ,2,7,6,1,1,9
B,D,+,4,4, ,3,2,1,1
H,D, ,1,8,7,1,6,0
B,D,+,4,3, ,3,3,1,2
B,D,+,4,3, ,3,3,1,7
H,D, ,1,8,6,3,0,6
B,D,+,4,2, ,3,3,7,8
T,Y,C, ,3,1,4,3,-,1,2,5,-,1
T,Y,C, ,3,1,4,4,-,1,2,0,4,-,1
T,Y,C, ,3,1,4,7,-,1,2,2,2,-,1
T,Y,C, ,3,1,4,7,-,1,6,9,6,-,1
T,Y,C, ,3,1,4,7,-,1,7,9,5,-,1
T,Y,C, ,3,1,4,8,-,9,2,2,-,1
T,Y,C, ,3,1,4,8,-,1,1,7,0,-,1
T,Y,C, ,3,1,4,8,-,1,6,0,5,-,1
T,Y,C, ,3,1,4,8,-,1,7,0,9,-,1
T,Y,C, ,3,1,4,8,-,1,8,3,7,-,1
T,Y,C, ,3,1,4,8,-,1,9,0,3,-,1
T,Y,C, ,3,1,4,8,-,2,1,9,8,-,1
T,Y,C, ,3,1,4,8,-,2,3,8,4,-,1
G, ,2,0,8,-,4,2
H,D, ,1,8,8,3,6,1
Z, ,2,5,7,-,8
B,D,+,4,4, ,3,2,0,2
T,Y,C, ,3,5,5,7,-,1,0,4,7,-,1
T,Y,C, ,3,5,5,7,-,1,4,8,9,-,1
T,Y,C, ,3,5,5,7,-,1,6,8,9,-,1
T,Y,C, ,3,5,5,7,-,2,2,3,8,-,1
T,Y,C, ,3,5,5,8,-,5,1,-,1
T,Y,C, ,3,5,5,8,-,5,7,5,-,1
T,Y,C, ,3,5,5,8,-,9,0,7,-,1
T,Y,C, ,3,5,5,8,-,2,0,4,7,-,1
T,Y,C, ,3,5,6,1,-,1,3,3,1,-,1
L,S,R, ,J,1,9,4,5,+,4,6,5,0,A
L,S,R, ,J,1,9,4,5,+,4,6,5,0,B
B,D,+,4,7, ,2,9,4,2
B,D,+,4,7, ,2,9,3,6
B,D,+,4,7, ,2,9,6,0
B,D,+,4,7, ,2,9,3,1
H,D, ,1,8,8,7,9,5
T,Y,C, ,3,5,6,1,-,3,3,0,-,1
T,Y,C, ,3,5,6,1,-,1,5,7,1,-,1
T,Y,C, ,3,5,6,2,-,1,7,3,-,1
T,Y,C, ,3,5,6,2,-,2,1,2,-,1
T,Y,C, ,3,5,6,2,-,3,0,3,-,1
T,Y,C, ,3,5,6,2,-,3,2,4,-,1
T,Y,C, ,3,5,6,2,-,4,4,4,-,1
T,Y,C, ,3,5,6,2,-,1,0,3,9,-,1
T,Y,C, ,3,5,6,2,-,2,4,2,0,-,1
G, ,2,0,9,-,3
H,D, ,1,9,1,6,4,9
H,D, ,1,9,3,2,1,6
G, ,2,3,0,-,3,1
W,o,l,f, ,1,1,2,9
T,Y,C, ,3,5,6,6,-,5,4,8,-,1
B,D,+,5,1, ,2,8,4,3
U,G,C, ,1,1,5,4,5
G, ,2,3,0,-,3,9
G, ,2,3,0,-,3,8
*, ,u,p,s, ,C,e,p
W,o,l,f, ,1,0,8,4
M,C,G,+,0,9,-,3,4,-,0,0,1
G, ,2,3,1,-,1,6
W,o,l,f, ,1,1,0,6
G, ,2,3,1,-,3,2
H,D, ,2,0,5,4,3,4
G, ,2,3,1,-,4,2
B,D,+,6,2, ,1,9,7,1
G, ,2,3,2,-,4,9
R,o,s,s, ,2,1,2
G,A,T, ,1,3,8,4
*, ,k,s,i, ,C,e,p, ,B
L,P, ,7,6,-,5
R,o,s,s, ,2,1,4
B,D,+,6,3, ,1,8,6,7
H,D, ,2,1,5,5,0,0
G, ,2,4,1,-,1,0
G, ,2,4,1,-,1,2
G, ,2,4,1,-,8
L,S,P,M, ,J,2,2,4,0,+,6,4,2,2
B,D,+,6,5, ,1,8,4,6
G, ,2,4,1,-,2,1
*, ,i,o,t, ,C,e,p
H,D, ,2,1,8,8,6,6
G, ,2,4,1,-,4,3
B,D,+,6,4, ,1,8,2,7
R,o,s,s, ,6,7,6
G, ,2,4,1,-,7,2
B,D,+,6,6, ,5
V,*, ,V,7,4,0, ,C,a,s
C,l, ,B,e,r,k,e,l,e,y, ,5,9
L,S,R, ,J,0,0,1,4,+,6,5,4,6
B,D,+,6,6, ,3,4,B
H,D, ,4,2,4,3
H,D, ,3,8,0,1
B,D,+,6,3, ,1,3,7
H,D, ,5,8,5,0
G, ,2,4,3,-,6,4
G, ,2,4,3,-,6,9
G, ,2,4,3,-,6,7
V,*, ,V,6,6,2, ,C,a,s
H,D, ,1,0,0,1,3
G, ,2,4,4,-,2,7
V,*, ,V,6,3,6, ,C,a,s
P,M, ,J,0,1,3,4,4,+,6,4,2,6,W
I,P,H,A,S, ,J,0,1,2,3,2,0,.,1,1,+,6,3,5,8,3,0,.,9
V,*, ,V,6,3,5, ,C,a,s
L,S,R, ,J,0,1,3,4,+,6,4,5,9
H,D, ,1,0,4,3,6
H,D, ,1,0,7,8,0
G, ,2,4,4,-,4,7
C,l, ,B,e,r,k,e,l,e,y, ,7
G, ,2,4,4,-,3,7
E,G,G,R, ,2,6,8
G,S,C, ,0,4,0,3,6,-,0,1,1,0,4
T,Y,C, ,4,0,3,6,-,1,5,6,2,-,1
E,M,*, ,G,G,A, ,7,1
I,C, ,1,6,6
C,l, ,C,z,e,r,n,i,k, ,6
[,D,7,5,b,], ,E,m,*, ,0,2,-,0,0,9
V,*, ,S,Z, ,C,a,s
N,A,M,E, ,W, ,3, ,N,o,r,t,h
H,D, ,1,3,8,6,4,A
I,C, ,1,7,9,5
C,l, ,T,o,m,b,a,u,g,h, ,4
[,D,7,5,b,], ,E,m,*, ,0,2,-,0,9,3
2,M,A,S,S, ,J,0,2,3,0,0,7,2,2,+,6,1,3,1,0,7,7
I,R,A,S, ,0,2,2,5,2,+,6,1,2,0
[,D,7,5,b,], ,E,m,*, ,0,2,-,0,3,3
L,S, ,I, ,+,6,1, ,3,0,3
H,D, ,1,6,7,0,2
C,l, ,K,i,n,g, ,4
G, ,2,4,6,-,1,4
G, ,2,4,6,-,1,3
L,B,N, ,6,5,9
U,G,C,A, ,3,9
L,E,D,A, ,1,0,1,3,0,4
R,o,s,s, ,3,6,3
[,D,7,5,b,], ,E,m,*, ,0,2,-,1,1,0
R,o,s,s, ,3,6,7
C,l, ,B,e,r,k,e,l,e,y, ,6,6
N,A,M,E, ,C,a,s, ,2
R,o,s,s, ,3,6,2
H,D, ,1,9,2,5,6
H,D, ,2,0,6,6,1
V,*, ,B,Q, ,C,a,m
C,l, ,B,e,r,k,e,l,e,y, ,9
*, ,4,3, ,P,e,r
B,D,+,5,0, ,8,6,1
L,P, ,1,5,5,-,3,3,2
H,D, ,2,5,8,7,9
G, ,8,1,-,7
L,P, ,2,0,0,-,1,4,7
L,S,R, ,J,0,4,1,9,+,4,2,3,3
B,D,+,4,3, ,3,2,4,8
H,D, ,1,8,5,3,5,1
B,D,+,4,3, ,3,2,5,4
G, ,2,0,8,-,2,1
T,Y,C, ,3,1,3,3,-,1,5,9,-,1
T,Y,C, ,3,1,4,6,-,5,3,-,1
T,Y,C, ,3,1,4,6,-,2,4,2,-,1
T,Y,C, ,3,1,4,6,-,3,4,1,-,1
T,Y,C, ,3,1,4,6,-,1,0,1,5,-,1
T,Y,C, ,3,1,4,6,-,1,1,1,4,-,1
T,Y,C, ,3,1,4,6,-,1,1,8,4,-,1
T,Y,C, ,3,1,4,7,-,1,8,8,4,-,1
B,D,+,4,6, ,2,7,2,4
V,*, ,V,8,9,4, ,C,y,g
B,D,+,4,5, ,2,9,2,4
N,G,C, ,6,8,1,1
T,Y,C, ,3,5,4,3,-,1,5,3,5,-,1
T,Y,C, ,3,5,4,3,-,2,2,1,9,-,1
T,Y,C, ,3,5,5,6,-,6,9,6,-,1
T,Y,C, ,3,5,5,6,-,8,1,5,-,1
T,Y,C, ,3,5,5,6,-,2,0,2,7,-,1
T,Y,C, ,3,5,5,6,-,2,2,4,3,-,1
T,Y,C, ,3,5,5,6,-,2,4,7,2,-,1
T,Y,C, ,3,5,5,6,-,3,4,0,2,-,1
T,Y,C, ,3,5,5,7,-,1,5,8,8,-,1
T,Y,C, ,3,5,6,1,-,1,2,8,7,-,1
T,Y,C, ,3,5,6,1,-,1,8,1,8,-,1
B,D,+,4,8, ,2,9,4,0
B,D,+,4,8, ,2,9,7,3
N,G,C, ,6,8,3,3
B,D,+,4,7, ,2,8,7,4
T,Y,C, ,3,5,6,1,-,5,7,8,-,1
T,Y,C, ,3,5,6,4,-,2,3,6,4,-,1
T,Y,C, ,3,5,6,4,-,2,3,7,6,-,1
T,Y,C, ,3,5,6,5,-,3,5,4,-,1
T,Y,C, ,3,5,6,5,-,3,8,9,-,1
T,Y,C, ,3,5,6,5,-,4,0,4,-,1
G,S,C, ,0,3,5,6,5,-,0,1,0,5,0
T,Y,C, ,3,5,6,5,-,1,2,1,4,-,1
T,Y,C, ,3,5,6,5,-,1,4,0,9,-,1
T,Y,C, ,3,5,6,6,-,1,0,4,6,-,1
H,D, ,1,8,7,0,5,5
U,S,N,O,-,A,1,.,0, ,1,3,5,0,-,1,1,4,6,3,2,3,3
T,Y,C, ,3,5,6,5,-,2,6,3,-,1
T,Y,C, ,3,5,6,5,-,1,4,2,8,-,1
L,S,P,M, ,J,2,0,0,3,+,5,1,5,7
N,G,C, ,6,8,2,6
H,D, ,2,3,5,0,8,8
H,D, ,1,9,1,1,9,5
W,o,l,f, ,1,1,3,1
T,Y,C, ,3,5,7,0,-,1,0,7,7,-,1
*, ,3,3, ,C,y,g
W,o,l,f, ,1,0,6,9
B,D,+,5,6, ,2,4,7,1
L,P, ,1,0,6,-,3,0,4
N,G,C, ,6,9,1,6
H,D, ,1,9,7,3,7,3
W,o,l,f, ,1,0,7,4
N,G,C, ,6,9,4,6
H,D, ,1,9,9,3,0,5
G, ,2,6,2,-,3,8
H,D, ,2,0,4,7,3,4
B,D,+,6,4, ,1,5,5,7
H,D, ,2,0,6,9,1,3
1,R,X,S, ,J,2,1,2,9,4,0,.,4,+,6,4,0,5,4,4
B,D,+,6,6, ,1,4,5,4
G, ,2,6,4,-,1,2
G, ,2,6,4,-,1,7
H,D, ,2,0,8,9,3,0
G, ,2,6,4,-,1,8
G, ,2,6,4,-,1,8,B
N,G,C, ,7,1,4,2
G, ,2,6,4,-,2,2
B,D,+,6,8, ,1,3,4,5
B,D,+,6,8, ,1,3,4,5,B
G, ,2,4,1,-,3,1
G, ,2,4,1,-,2,3
G, ,2,4,1,-,2,2
L,P, ,7,6,-,5,9
L,E,D,A, ,1,6,6,7,6,9
H,D, ,2,1,5,0,6,5
G, ,2,4,1,-,4,5
G,D, ,5,5,7
H,D, ,2,1,8,2,0,9
L,S,P,M, ,J,2,3,2,0,+,6,8,3,1
G, ,2,4,1,-,5,9
G, ,2,4,1,-,5,7
T,Y,C, ,4,4,7,9,-,5,4,9,-,1
G, ,2,4,2,-,5,4
G, ,2,4,3,-,2,6
H,D, ,1,6,2,4,A
M,C,C, ,3,5,7
H,D, ,4,1,3,2
H,D, ,4,2,9,5
H,D, ,5,3,5,1
R,o,s,s, ,3,1,7
G, ,2,4,3,-,3,9
H,D, ,2,6,6,3
L,P, ,5,1,-,1,7
V,*, ,V,9,6,6, ,C,a,s
G, ,2,4,4,-,1,9
L,P, ,5,1,-,3,0
L,P, ,5,1,-,1,9
L,S,R, ,J,0,1,2,4,+,6,8,1,9
M,C,C, ,3,7,7
H,D, ,1,0,1,4,5
H,D, ,1,1,3,7,3
G, ,2,4,4,-,3,9
G,S,C, ,0,4,0,4,0,-,0,0,9,5,7
2,M,A,S,S, ,J,0,1,5,8,1,8,4,8,+,6,7,1,3,2,3,4
L,S, ,I, ,+,6,4, ,8,7
H,D, ,1,3,8,2,9
G, ,2,4,4,-,5,5
L,P, ,5,3,-,7
H,D, ,1,3,7,8,3
G, ,2,4,4,-,4,9
N,G,C, ,1,0,2,7
B,D,+,6,3, ,3,5,4
H,D, ,1,7,5,9,1
G, ,2,4,6,-,1,2
S,H, ,2,-,1,9,2
S,H, ,2,-,1,9,3
I,R,A,S, ,0,2,3,8,3,+,6,2,4,1
[,D,7,5,b,], ,E,m,*, ,0,2,-,1,2,5
B,D,+,6,0, ,5,8,5
R,o,s,s, ,3,6,8
G,D, ,4,2,6
H,D, ,1,7,9,4,8
B,D,+,6,0, ,5,9,6
G, ,2,4,6,-,2,1
H,D, ,1,8,7,5,7
G, ,2,4,6,-,2,2
B,D,+,6,0, ,6,3,7
C,l, ,C,o,l,l,i,n,d,e,r, ,3,4
P,M, ,J,0,2,5,6,3,+,6,1,4,1
V,*, ,D,F, ,C,a,s
R,A,F,G,L, ,5,0,8,5
2,M,A,S,X, ,J,0,3,1,0,4,4,0,9,+,6,1,0,6,4,7,7
[,D,7,5,b,], ,E,m,*, ,0,2,-,1,2,8
[,D,7,5,b,], ,E,m,*, ,0,2,-,1,5,3
E,M,*, ,G,G,A, ,2,1,6
G, ,2,4,6,-,2,6
R,o,s,s, ,3,7,0,B
R,o,s,s, ,3,7,1
G, ,2,4,6,-,3,5
G, ,2,4,6,-,3,6
R,o,s,s, ,5,6,3
G, ,2,4,6,-,3,0
M,C,C, ,4,2,4
R,o,s,s, ,2,3
H,D, ,2,4,4,2,1
V,*, ,P,R, ,C,a,m
R,o,s,s, ,2,5
R,o,s,s, ,2,4
L,P, ,1,5,6,-,2,3
C,l, ,K,i,n,g, ,7
L,S,R, ,J,0,4,0,1,+,5,1,3,1
B,D,+,4,7, ,9,7,7
V,*, ,A,S, ,P,e,r
R,o,s,s, ,2,7
H,D, ,2,8,0,0,5
L,P, ,1,5,6,-,4,5
L,P, ,1,5,6,-,5,3
L,P, ,1,5,6,-,5,8
U,G,C, ,3,1,0,8
N,G,C, ,1,6,0,5
N,G,C, ,1,5,8,2
T,Y,C, ,3,3,4,2,-,2,6,6,-,1
U,G,C, ,1,1,4,2,2
B,D,+,4,4, ,3,1,0,4
B,D,+,4,4, ,3,1,1,0
T,Y,C, ,3,1,3,3,-,3,1,8,-,1
T,Y,C, ,3,1,3,3,-,1,6,4,3,-,1
T,Y,C, ,3,1,4,6,-,4,1,8,-,1
T,Y,C, ,3,1,4,6,-,9,2,4,-,1
T,Y,C, ,3,5,4,2,-,6,6,5,-,1
T,Y,C, ,3,5,4,2,-,1,1,9,9,-,1
T,Y,C, ,3,5,4,2,-,2,0,7,5,-,1
T,Y,C, ,3,5,4,2,-,2,1,6,1,-,1
T,Y,C, ,3,5,4,2,-,2,2,1,2,-,1
B,D,+,4,7, ,2,8,1,8
B,D,+,4,7, ,2,8,2,0
B,D,+,4,6, ,2,6,6,6
V,*, ,V,1,1,0,7, ,C,y,g
H,D, ,1,8,1,0,9,6
T,Y,C, ,3,5,4,3,-,1,2,9,3,-,1
T,Y,C, ,3,5,4,3,-,2,3,0,0,-,1
T,Y,C, ,3,5,4,6,-,7,8,5,-,1
T,Y,C, ,3,5,4,7,-,4,8,0,-,1
T,Y,C, ,3,5,4,7,-,7,9,3,-,1
T,Y,C, ,3,5,4,7,-,9,2,3,-,1
T,Y,C, ,3,5,4,7,-,9,2,8,-,1
T,Y,C, ,3,5,4,7,-,2,5,9,2,-,1
V,*, ,V,2,4,7,0, ,C,y,g
H,D, ,1,8,3,2,5,5
B,D,+,4,9, ,3,0,7,2
*, ,t,e,t, ,C,y,g
*, ,1,6, ,C,y,g, ,B
*, ,1,6, ,C,y,g, ,A
T,Y,C, ,3,5,4,7,-,1,4,4,3,-,1
T,Y,C, ,3,5,5,1,-,2,0,7,1,-,1
T,Y,C, ,3,5,6,0,-,1,9,9,6,-,1
T,Y,C, ,3,5,6,4,-,2,4,7,-,1
T,Y,C, ,3,5,6,4,-,4,9,3,-,1
T,Y,C, ,3,5,6,4,-,6,6,5,-,1
T,Y,C, ,3,5,6,4,-,1,1,0,8,-,1
T,Y,C, ,3,5,6,4,-,1,1,6,3,-,1
T,Y,C, ,3,5,6,4,-,1,5,9,7,-,1
T,Y,C, ,3,5,6,4,-,1,8,4,0,-,1
T,Y,C, ,3,5,6,4,-,2,9,4,9,-,1
T,Y,C, ,3,5,6,4,-,2,9,5,5,-,1
T,Y,C, ,3,5,6,4,-,3,1,1,6,-,1
T,Y,C, ,3,5,6,8,-,1,9,5,-,1
T,Y,C, ,3,5,6,8,-,6,4,3,-,1
G,S,C, ,0,3,5,5,1,-,0,0,0,9,9
U,C,A,C,3, ,2,8,1,-,1,5,0,9,2,1
W,o,l,f, ,1,1,1,0
H,D, ,1,8,4,9,6,0
H,D, ,2,3,4,9,7,1
W,o,l,f, ,1,1,0,9
T,Y,C, ,3,5,6,9,-,5,1,-,1
T,Y,C, ,3,5,6,9,-,5,1,4,-,1
W,o,l,f, ,1,1,2,0
T,Y,C, ,3,9,3,4,-,3,1,4,-,1
U,G,C, ,1,1,5,0,9
L,P, ,1,0,5,-,4,6,9
L,S,P,M, ,J,2,0,0,9,+,5,6,5,9
G, ,2,3,0,-,4,2
G, ,2,6,2,-,1,2
G, ,2,3,0,-,4,1
N,G,C, ,6,9,3,9
L,E,D,A, ,1,6,6,1,9,3
G, ,2,6,2,-,2,6
*, ,t,e,t, ,C,e,p
L,P, ,1,0,6,-,2,5,6
*, ,e,t,a, ,C,e,p
U,G,C, ,1,1,6,1,3
M,C,G,+,1,1,-,2,5,-,0,0,3
G, ,2,6,2,-,4,1
U,G,C, ,1,1,6,7,8
U,G,C, ,1,1,6,8,9
B,D,+,6,7, ,1,3,2,8
B,D,+,6,7, ,1,4,2,4
H,D, ,2,1,0,9,0,2
G, ,2,4,1,-,1
H,D, ,2,1,0,8,8,4
G, ,2,6,3,-,1,6
B,D,+,7,0, ,1,2,4,6
B,D,+,7,0, ,1,2,7,7
G, ,2,4,1,-,2,4
G, ,2,4,1,-,2,8
2,M,A,S,S, ,J,2,2,2,9,2,4,1,3,+,7,1,3,6,5,4,9
[,K,9,8,c,], ,E,m,*, ,1,2,3
A,C, ,+,6,9, ,1,0,1,8,0
G, ,2,4,2,-,2,8
G, ,2,4,1,-,4,4
G, ,2,4,1,-,3,6
G, ,2,4,2,-,4,9
G, ,2,4,2,-,5,3
N,G,C, ,4,0
R,o,s,s, ,3,1,8
H,D, ,4,6,3,5
G, ,2,4,2,-,7,7
G, ,2,4,3,-,3,1
G, ,2,4,2,-,6,0
V,*, ,V,1,0,5,5, ,C,a,s
*, ,3,8, ,C,a,s
H,D, ,9,4,0,7
B,D,+,6,9, ,1,1,8
H,D, ,1,0,1,9,5
G, ,2,4,4,-,4,8
H,D, ,1,3,5,7,9
G, ,2,4,4,-,5,2
M,C,G,+,1,1,-,0,4,-,0,0,3
2,M,F,G,C, ,2,1,4,5
*, ,i,o,t, ,C,a,s, ,C
L,S,P,M, ,J,0,2,5,4,+,6,4,2,7
L,S,P,M, ,J,0,2,5,4,+,6,4,2,5
2,M,A,S,X, ,J,0,3,0,8,4,4,4,1,+,6,5,3,9,4,3,5
2,M,A,S,X, ,J,0,3,1,6,4,4,0,0,+,6,5,0,1,4,3,1
G, ,2,4,6,-,2,3
G, ,2,4,6,-,3,3
H,D, ,2,1,6,2,8
V,*, ,A,D, ,C,a,m
H,D, ,2,1,9,0,3,B
P,M, ,J,0,3,4,3,7,+,5,7,2,5
V,*, ,A,B, ,C,a,m
H,D, ,2,3,4,7,6
V,*, ,R,W, ,C,a,m
H,D, ,2,1,7,4,2
G, ,1,7,5,-,9
H,I,P, ,1,8,7,2,5
H,D, ,2,5,9,4,8
R,o,s,s, ,2,8
H,D, ,2,7,8,5,7
R,o,s,s, ,3,0
H,D, ,2,6,8,1,1
T,Y,C, ,3,7,1,9,-,6,3,7,-,1
H,D, ,2,7,6,7,3
V,*, ,B,M, ,P,e,r
G, ,8,1,-,2,4
T,Y,C, ,3,3,4,1,-,1,1,0,2,-,1
T,Y,C, ,3,3,5,0,-,2,5,0,-,1
L,P, ,1,5,7,-,1,2
B,D,+,4,5, ,2,8,5,4
V,*, ,V,3,6,6, ,L,y,r
G, ,2,0,5,-,5,5
B,D,+,4,5, ,2,8,5,0
V,*, ,V,3,6,0, ,L,y,r
T,Y,C, ,3,1,3,2,-,2,9,2,-,1
T,Y,C, ,3,1,3,2,-,7,9,4,-,1
T,Y,C, ,3,1,3,2,-,8,0,2,-,1
T,Y,C, ,3,1,3,2,-,8,4,6,-,1
T,Y,C, ,3,1,3,2,-,1,2,2,2,-,1
T,Y,C, ,3,5,4,1,-,2,3,2,-,1
T,Y,C, ,3,5,4,1,-,1,6,8,9,-,1
T,Y,C, ,3,5,4,1,-,2,5,0,6,-,1
T,Y,C, ,3,5,4,1,-,2,5,3,5,-,1
T,Y,C, ,3,5,4,1,-,2,5,9,9,-,1
T,Y,C, ,3,5,4,1,-,2,8,7,4,-,1
T,Y,C, ,3,5,4,1,-,3,0,3,2,-,1
T,Y,C, ,3,5,4,1,-,3,3,0,5,-,1
T,Y,C, ,3,5,4,2,-,1,4,1,9,-,1
L,P, ,2,3,0,-,2,9
V,*, ,V,8,3,8, ,C,y,g
G, ,2,0,5,-,5,7
T,Y,C, ,3,5,4,1,-,2,9,7,8,-,1
T,Y,C, ,3,5,4,1,-,2,9,8,8,-,1
T,Y,C, ,3,5,4,2,-,3,0,1,-,1
T,Y,C, ,3,5,4,2,-,1,0,1,6,-,1
T,Y,C, ,3,5,4,6,-,4,9,7,-,1
T,Y,C, ,3,5,4,6,-,5,1,4,-,1
T,Y,C, ,3,5,4,6,-,1,1,5,8,-,1
T,Y,C, ,3,5,4,6,-,1,4,1,0,-,1
T,Y,C, ,3,5,5,0,-,3,4,6,-,1
V,*, ,V,1,1,0,4, ,C,y,g
H,D, ,1,7,9,9,5,8
H,D, ,1,7,9,9,5,7
G, ,2,2,9,-,2,8
T,Y,C, ,3,5,5,1,-,1,7,2,0,-,1
T,Y,C, ,3,5,5,4,-,7,1,0,-,1
T,Y,C, ,3,5,5,5,-,3,1,3,-,1
T,Y,C, ,3,5,5,5,-,6,3,3,-,1
W,o,l,f, ,1,1,0,8
N,G,C, ,6,7,9,8
*, ,i,o,t, ,C,y,g
T,Y,C, ,3,5,5,5,-,1,4,2,7,-,1
V,*, ,V,1,1,4,3, ,C,y,g
N,G,C, ,6,8,0,1
U,G,C, ,1,1,4,5,3
H,D, ,1,8,6,7,6,0
H,D, ,1,8,7,8,7,6
H,D, ,1,8,5,4,1,4
U,G,C, ,1,1,4,7,7
U,G,C, ,1,1,4,9,2
T,Y,C, ,3,9,4,2,-,9,1,7,-,1
H,D, ,1,8,7,7,4,8
G, ,2,3,0,-,2,0
G, ,2,3,0,-,1,2
B,D,+,5,8, ,2,0,1,5
H,D, ,1,9,2,1,3,9
*, ,6,8, ,D,r,a
G, ,2,6,2,-,1,5
B,D,+,6,4, ,1,4,5,2
G, ,2,6,2,-,1,0
G, ,2,6,2,-,1,8
N,G,C, ,6,9,4,9
G, ,2,6,2,-,8
*, ,4, ,C,e,p
B,D,+,6,5, ,1,5,1,2
G, ,2,6,2,-,2,5
G, ,2,6,2,-,2,3
N,G,C, ,6,9,5,1
G, ,2,6,2,-,2,9
H,D, ,2,0,1,6,5,1
L,P, ,7,4,-,3,5
H,D, ,2,0,4,5,2,1
*, ,1,6, ,C,e,p
U,G,C, ,1,1,8,1,8
U,G,C, ,1,1,8,6,1
2,M,A,S,X, ,J,2,2,0,1,0,6,3,7,+,7,1,5,6,3,8,5
H,D, ,2,0,7,4,8,5
G, ,2,4,2,-,3
G, ,2,6,3,-,1,2
G, ,2,6,3,-,2,1
H,D, ,2,1,8,1,6,8
H,D, ,2,2,3,7,7,8
H,D, ,2,2,3,7,7,8,B
H,D, ,2,2,2,5,8,9
G, ,2,4,2,-,3,9
G,D, ,4,0,8
G, ,2,4,2,-,5,9
L,S,P,M, ,J,0,0,2,9,+,7,5,4,2
B,D,+,7,3, ,5,5
M,C,G,+,1,2,-,0,2,-,0,0,1
G, ,2,4,5,-,3,6
G, ,2,4,5,-,3,4
U,G,C, ,1,3,7,8
L,P, ,2,9,-,1,8,8
*, ,4,8, ,C,a,s
U,C,A,C,3, ,3,2,2,-,1,6,2,2,9
U,G,C, ,1,4,2,3
*, ,5,0, ,C,a,s
*, ,5,4, ,C,a,s
2,M,A,S,X, ,J,0,2,1,1,3,1,4,2,+,7,0,4,6,2,0,4
H,D, ,1,1,3,8,2
G, ,2,4,5,-,4,0
L,S,R, ,J,0,2,1,2,+,7,0,1,2
B,D,+,7,0, ,1,6,9
T,Y,C, ,4,3,1,7,-,1,6,3,2,-,1
V,*, ,S,U, ,C,a,s
B,D,+,6,6, ,2,5,6
B,D,+,6,6, ,2,6,8
2,M,A,S,X, ,J,0,3,1,2,0,9,3,1,+,6,7,2,4,2,1,4
L,E,D,A, ,1,6,5,3,6,6
2,M,A,S,X, ,J,0,3,2,1,0,9,1,5,+,6,6,5,5,1,8,6
2,M,A,S,X, ,J,0,3,2,9,2,0,4,2,+,6,6,0,1,3,8,9
2,M,A,S,X, ,J,0,3,2,6,1,4,0,4,+,6,6,3,5,3,7,2
2,M,A,S,X, ,J,0,3,1,8,1,3,5,3,+,6,6,4,9,4,2,2
2,M,A,S,X, ,J,0,3,2,0,2,2,0,5,+,6,6,4,5,0,5,5
2,M,A,S,X, ,J,0,3,2,1,4,2,3,0,+,6,6,4,9,3,7,1
L,S,R, ,J,0,3,1,0,+,6,6,3,4
H,D, ,2,2,3,9,9
B,D,+,6,3, ,4,3,8
G, ,2,4,6,-,4,4
R,X, ,J,0,3,4,4,.,9,+,6,3,4,4
2,M,A,S,X, ,J,0,3,2,9,0,6,4,0,+,6,4,5,8,3,1,9
R,o,s,s, ,5,6,7
G, ,2,4,6,-,5,0
H,D, ,2,4,2,3,8
H,D, ,2,4,4,0,9
V,*, ,R,X, ,C,a,m
N,G,C, ,1,5,0,1
V,*, ,T,V, ,C,a,m
G, ,1,7,5,-,1,4
H,D, ,2,6,1,9,6
H,D, ,2,6,5,8,1
H,D, ,2,7,7,4,8
V,*, ,T,W, ,C,a,m
I,C, ,3,6,1
H,D, ,2,3,7,2,6,6
G, ,1,7,5,-,2,8
L,S,R, ,J,0,4,2,0,+,5,6,2,4
H,D, ,2,3,2,9,7,9
G, ,1,7,5,-,4,8
E,G,G,R, ,3,1,7
N,G,C, ,1,6,2,4
S,H, ,2,-,2,1,2
H,D, ,2,9,8,1,8
G, ,8,1,-,3,4
L,P, ,1,5,7,-,2,5
L,P, ,1,5,7,-,3,3
B,D,+,4,4, ,1,0,4,0
G, ,9,6,-,4
V,*, ,C,Y, ,A,u,r
H,D, ,3,0,6,4,9
G, ,8,1,-,4,1
V,*, ,V,4,6,8, ,A,u,r
A,G,+,4,6, ,1,3,9,5
G, ,2,0,5,-,4,7
G, ,2,0,5,-,4,0
N,G,C, ,6,7,0,3
T,Y,C, ,3,1,3,0,-,2,2,0,1,-,1
T,Y,C, ,3,1,3,1,-,7,5,6,-,1
T,Y,C, ,3,1,3,1,-,9,5,5,-,1
K,O,I,-,9,8,1
T,Y,C, ,3,1,3,1,-,1,4,6,3,-,1
T,Y,C, ,3,5,4,0,-,2,7,5,9,-,1
T,Y,C, ,3,5,4,1,-,1,0,9,3,-,1
T,Y,C, ,3,5,4,1,-,2,7,0,7,-,1
T,Y,C, ,3,5,4,4,-,1,0,1,7,-,1
L,P, ,1,8,2,-,2,5
L,S,P,M, ,J,1,8,5,0,+,4,5,5,3
L,P, ,2,3,0,-,6
G, ,2,0,8,-,8
B,D,+,4,7, ,2,7,4,6
*, ,1,6, ,L,y,r
G, ,2,0,5,-,5,1
G, ,2,0,5,-,4,8
G, ,2,0,5,-,4,3
T,Y,C, ,3,5,4,4,-,1,4,5,1,-,1
T,Y,C, ,3,5,4,5,-,9,6,5,-,1
T,Y,C, ,3,5,4,5,-,2,4,3,3,-,1
T,Y,C, ,3,5,4,9,-,5,3,-,1
T,Y,C, ,3,5,4,9,-,3,8,0,-,1
T,Y,C, ,3,5,4,9,-,1,6,0,7,-,1
T,Y,C, ,3,5,4,9,-,1,6,8,3,-,1
T,Y,C, ,3,5,4,9,-,1,8,2,8,-,1
T,Y,C, ,3,5,4,9,-,2,5,1,2,-,1
V,*, ,A,W, ,D,r,a
B,D,+,4,9, ,2,9,3,5
N,G,C, ,6,7,6,4
T,Y,C, ,3,5,4,9,-,7,1,3,-,1
T,Y,C, ,3,5,4,9,-,2,7,1,6,-,1
*, ,k,a,p, ,C,y,g
U,G,C, ,1,1,4,3,5
2,M,A,S,S, ,J,1,9,2,4,0,8,3,2,+,5,5,5,2,2,1,5
H,D, ,2,3,9,0,7,6
G, ,2,2,9,-,3,0
H,D, ,1,8,4,4,6,7
2,M,A,S,S, ,J,1,9,3,5,0,7,3,8,+,5,9,3,1,1,4,4
G, ,2,6,0,-,3,5
G, ,2,6,2,-,3
G, ,2,6,2,-,4
G, ,2,6,0,-,3,7
G, ,2,6,0,-,3,8
N,G,C, ,6,8,6,9
P,M, ,J,2,0,0,3,7,+,6,4,2,5
H,D, ,1,9,3,6,6,4
N,G,C, ,6,9,1,1
G, ,2,6,2,-,2,7
H,D, ,1,9,9,0,1,9
B,D,+,7,0, ,1,1,5,7
L,P, ,4,7,-,1,1,3
G, ,2,6,3,-,3
H,D, ,2,0,2,1,2,3
L,S,P,M, ,J,2,1,1,7,+,7,3,4,5
G, ,2,6,3,-,1,0
H,D, ,2,0,8,0,0,2
U,G,C, ,1,2,1,6,0
G, ,2,4,2,-,1,1
G, ,2,4,2,-,6
B,D,+,7,5, ,8,5,5
H,D, ,2,1,7,1,4,2
G, ,2,4,2,-,2,2
G, ,2,4,2,-,5
G, ,2,4,2,-,4,5
G, ,2,4,2,-,4,4
*, ,g,a,m, ,C,e,p
H,D, ,2,2,3,7,3,1
H,D, ,2,2,4,5,4,0
B,D,+,7,5, ,8,7,9
H,D, ,4,0,7,5
H,D, ,2,5,8,9
G,D, ,4,1,1
G, ,2,4,2,-,5,1
G, ,2,4,2,-,5,2
G, ,2,4,5,-,7
G, ,2,4,2,-,6,4
G, ,2,4,2,-,6,8
L,P, ,1,2,-,4,4,0
A,C, ,+,7,5, ,6,8
H,D, ,5,8,7,9
H,D, ,7,9,2,4
H,D, ,1,0,7,9,0
G, ,2,4,5,-,3,9
L,P, ,1,3,-,5,4,4
N,A,M,E, ,M,a,j,a,e,s,s, ,2,9
E,G,G,R, ,4,1,3
S,t,K,M, ,1,-,3,2,4
G, ,2,2,1,-,1,2
G, ,2,2,1,-,9
U,G,C, ,2,5,4,2
G, ,2,2,1,-,6
U,G,C, ,2,7,8,9
U,G,C, ,2,7,2,9
U,G,C,A, ,8,1
H,D, ,2,3,1,8,9
U,G,C, ,2,7,6,5
U,G,C, ,2,8,2,6
2,M,A,S,X, ,J,0,3,3,5,0,5,2,1,+,6,9,0,2,0,4,9
L,P, ,5,4,-,1,9
I,C, ,3,4,2
N,G,C, ,1,5,0,2
G, ,2,4,7,-,1,5
G, ,2,4,7,-,1,4
G, ,2,4,7,-,1,0
P,M, ,J,0,4,1,2,7,+,6,1,2,1
T,Y,C, ,4,0,6,5,-,1,0,7,4,-,1
P,N, ,M, ,4,-,1,8
L,P, ,8,4,-,2,1
G, ,1,7,5,-,3,4
G, ,1,7,5,-,3,2
L,P, ,8,4,-,4,0
G, ,1,7,5,-,4,5
E,G,G,R, ,1,8,0
T,Y,C, ,3,7,4,0,-,7,2,7,-,1
H,D, ,2,3,7,2,8,7
L,S,R, ,J,0,4,5,5,+,5,2,5,2
G, ,1,9,1,-,1,5
G, ,1,9,1,-,1,8
B,D,+,4,9, ,1,2,8,0
T,Y,C, ,3,3,5,6,-,2,6,6,-,1
B,D,+,4,9, ,1,2,8,8
G, ,1,9,1,-,1,7
H,D, ,3,3,1,6,7
C,a,s,e, ,3,3,5
B,D,+,4,6, ,2,5,4,1
H,D, ,1,7,3,6,6,5
U,G,C, ,1,1,3,2,9
B,D,+,4,5, ,2,7,4,3
B,D,+,4,7, ,2,6,8,2
G, ,2,0,5,-,3,8
T,Y,C, ,3,5,4,4,-,1,4,5,9,-,1
T,Y,C, ,3,5,4,8,-,9,6,9,-,1
1,R,X,S, ,J,1,8,4,4,1,2,.,1,+,4,8,1,4,1,5
L,P, ,1,4,1,-,1
H,D, ,1,7,5,2,2,5
G, ,2,2,9,-,1,9
L,S,P,M, ,J,1,8,5,5,+,5,2,4,8
L,P, ,1,4,1,-,7
L,P, ,1,4,1,-,1,4
H,D, ,1,8,0,1,6,1
N,G,C, ,6,7,5,7
G,D, ,5,3,2
H,D, ,1,8,0,7,1,2
N,G,C, ,6,7,5,0
L,P, ,1,0,4,-,1,4,1
N,G,C, ,6,7,9,6
G, ,2,2,9,-,2,7
N,G,C, ,6,7,8,9
G, ,2,6,0,-,2,2
G, ,2,6,0,-,3,1
L,S,P,M, ,J,1,9,2,7,+,6,8,0,2
A,C, ,+,6,6, ,6,7,9,6
G, ,2,6,0,-,3,4
G, ,2,6,2,-,5
Z, ,3,4,2,-,1
H,D, ,1,9,9,4,7,6
G, ,2,6,1,-,2,3
B,P,M, ,1,6,7,7,9
G, ,2,6,1,-,3,4
G, ,2,6,1,-,3,5
H,D, ,2,0,4,4,2,6
V,*, ,V,W, ,C,e,p
G, ,2,6,3,-,1,1
G, ,2,6,1,-,4,6
G, ,2,4,2,-,2
B,D,+,7,9, ,7,3,8
U,G,C, ,1,2,1,4,1
2,M,A,S,S, ,J,2,2,2,9,3,3,0,7,+,7,9,2,7,1,3,7
H,D, ,2,2,4,4,4,6
B,D,+,7,9, ,7,6,2
G, ,2,4,2,-,3,0
H,D, ,2,2,0,1,4,0,B
H,D, ,2,2,0,1,4,0
H,D, ,4,7,4,1
G, ,2,4,2,-,4,8
L,P, ,1,2,-,5,0,3
L,P, ,1,2,-,3,0,4
M,C,C, ,9,2
B,D,+,7,9, ,3,8
G, ,2,4,2,-,8,0
*, ,4,7, ,C,a,s
H,D, ,1,5,2,9,2
B,D,+,7,4, ,1,1,8
L,P, ,3,0,-,2,3,4
G, ,2,4,5,-,6,1
G, ,2,4,5,-,6,5
A,C, ,+,7,5, ,1,3,4,5
G, ,2,2,1,-,5
G, ,2,2,1,-,1,5
G, ,2,2,1,-,1,4
G, ,2,2,1,-,2,2
G, ,2,2,1,-,1,0
B,D,+,7,3, ,1,8,6
G, ,2,2,1,-,1,6
U,G,C, ,2,8,0,0
G, ,2,2,1,-,2,1
G, ,2,2,1,-,2,0
G, ,2,2,1,-,2,7
L,P, ,3,1,-,3,0,2
U,G,C, ,2,8,4,8
N,G,C, ,1,3,4,3
U,G,C, ,2,8,6,5
L,E,D,A, ,1,6,6,4,7,2
N,G,C, ,1,4,8,5
U,G,C, ,2,8,5,5
U,G,C, ,2,8,6,6
N,G,C, ,1,4,6,9
M,C,C, ,4,3,5
H,D, ,2,5,6,6,5
G, ,2,4,7,-,1,2
U,G,C, ,2,9,5,5
I,C, ,3,5,6
L,S,P,M, ,J,0,4,2,3,+,6,9,2,8
H,D, ,2,7,3,8,0
M,C,C, ,4,3,6
L,P, ,5,5,-,2,0
B,D,+,6,4, ,4,5,2
V,*, ,M,S, ,C,a,m
G, ,2,4,7,-,2,5
G, ,2,4,7,-,2,6
N,G,C, ,1,5,6,9
H,D, ,2,9,0,2,1
V,*, ,D,P, ,C,a,m
G, ,2,4,7,-,3,5
G, ,2,4,7,-,3,9
G, ,1,9,1,-,2,1
H,D, ,3,2,8,3,3
B,D,+,5,2, ,9,1,1
L,P, ,1,1,9,-,1,0
*, ,9, ,A,u,r
*, ,9, ,A,u,r, ,B
*, ,9, ,A,u,r, ,C
G,D, ,2,8,9
N,G,C, ,1,7,9,8
V,*, ,B,K, ,A,u,r
B,D,+,4,4, ,1,1,4,2
B,D,+,4,4, ,1,1,4,2,B
H,D, ,3,4,8,8,7
G, ,9,6,-,2,9
G, ,9,6,-,2,9,B
G, ,9,6,-,3,1
G, ,9,6,-,3,2
*, ,a,l,f, ,A,u,r
B,D,+,4,6, ,2,4,9,7
G, ,2,0,5,-,2,5
S,t,K,M, ,1,-,1,6,1,8
L,P, ,1,8,2,-,4
L,P, ,1,8,2,-,1,2
N,A,M,E, ,B,Y, ,D,r,a, ,C
V,*, ,B,Y, ,D,r,a
2,M,A,S,S,I, ,J,1,8,4,7,0,3,4,+,5,5,2,2,4,3
H,D, ,2,3,8,9,1,3
G, ,2,2,7,-,3,9
G, ,2,2,7,-,4,0
H,D, ,1,7,3,7,4,0
G, ,2,2,7,-,4,3
H,D, ,1,7,3,7,3,9
G, ,2,2,9,-,2,1
B,D,+,6,3, ,1,4,7,0
L,P, ,7,2,-,2,6,9
G, ,2,6,0,-,1,6
*, ,d,e,l, ,D,r,a
H,D, ,1,8,2,1,8,9
H,D, ,1,8,3,6,1,0
H,D, ,1,8,2,7,1,2
*, ,s,i,g, ,D,r,a
B,D,+,7,1, ,8,5,9,5
H,D, ,1,8,6,9,2,2
G, ,2,6,1,-,1,6,A
G, ,2,6,1,-,1,5,B
G, ,2,6,1,-,9
A,C, ,+,7,5, ,7,8,0,3
G, ,2,6,1,-,2,4
B,D,+,7,7, ,7,6,7
H,D, ,1,9,3,2,0,2
G, ,2,6,1,-,2,2
G, ,2,6,1,-,3,7
G, ,2,6,1,-,4,0
H,D, ,1,9,8,8,9,4
B,D,+,7,8, ,7,3,8
G, ,2,6,1,-,3,9
B,D,+,8,0, ,6,7,0,B
P,M, ,J,2,0,3,0,1,+,7,9,5,0
H,D, ,2,0,9,9,4,2
V,*, ,V,3,7,6, ,C,e,p
H,D, ,2,0,5,5,2,1
B,D,+,8,0, ,7,0,3
H,D, ,2,1,6,5,2,0
B,D,+,8,2, ,7,3,3
B,D,+,8,1, ,8,3,7
G, ,2,4,2,-,1,5
U,G,C, ,1,2,2,2,1
H,D, ,1,1,6,5
H,D, ,5,3,1,2
H,D, ,3,4,4,0
G,D, ,4,1,9
H,D, ,5,8,1,7
U,G,C, ,3,9,2
G, ,2,4,5,-,2,5
G, ,2,4,2,-,8,1
G, ,2,4,5,-,2,4
B,D,+,8,1, ,7,4
B,D,+,8,2, ,3,8
G, ,2,4,5,-,7,1
U,G,C, ,2,5,1,9
G, ,2,4,5,-,7,8
I,C, ,3,3,4
H,D, ,2,4,4,5,1
H,D, ,2,6,0,1,8
G, ,2,4,8,-,1,8
G, ,2,2,1,-,2,8
G, ,2,4,8,-,1,9
L,P, ,1,4,-,2,8,3
N,G,C, ,1,5,3,0
G, ,2,4,8,-,2,0
U,G,C, ,3,0,8,5
L,P, ,3,1,-,3,0,7
L,P, ,3,2,-,8,5
G, ,2,4,7,-,3,3
G, ,2,4,7,-,2,4
H,D, ,2,9,7,1,3
U,G,C, ,3,0,4,2
U,G,C, ,3,0,4,8
N,G,C, ,1,5,6,0
G, ,2,4,7,-,2,2
G, ,2,4,7,-,2,3
G, ,2,4,7,-,3,0
H,D, ,2,9,4,0,0
L,P, ,3,2,-,3,0,4
L,P, ,5,5,-,4,1
I,C, ,3,9,6
H,D, ,3,0,3,7,6
H,D, ,3,0,9,5,7
H,D, ,3,2,7,1,5
H,D, ,3,1,6,7,5
G, ,2,4,7,-,4,4
H,D, ,3,1,8,6,4
H,D, ,3,1,8,6,5
G, ,2,4,7,-,4,7
G, ,2,4,7,-,4,5
G, ,1,9,1,-,3,0
G, ,1,9,1,-,2,9
S,t,K,M, ,1,-,5,4,3
H,D, ,3,1,6,6,2,B
L,S,R, ,J,0,5,1,5,+,5,9,1,1
G, ,1,9,1,-,2,6
L,P, ,1,1,9,-,2,7
B,D,+,5,4, ,8,8,6
G, ,1,9,1,-,3,2
L,P, ,1,1,9,-,2,9
L,P, ,1,1,9,-,4,8
H,D, ,3,4,6,3,4
N,G,C, ,1,8,8,3
G, ,9,6,-,4,5
B,D,+,4,5, ,2,6,8,8
H,D, ,1,6,8,0,0,9
H,D, ,2,3,4,6,4,8
V,*, ,V,4,0,1, ,D,r,a
R,O,T,S,E,1, ,J,1,8,1,9,2,2,.,8,8,+,5,1,5,1,0,7,.,8
E,G,G,R, ,3,7,4
V,*, ,E,Y, ,D,r,a
T,Y,C, ,3,9,0,8,-,1,5,0,3,-,1
G, ,2,2,7,-,2,6
G, ,2,2,7,-,2,8
G, ,2,2,7,-,3,0
U,G,C, ,1,1,2,2,5
G, ,2,2,7,-,3,1
B,D,+,6,3, ,1,4,5,1
G, ,2,2,7,-,2,9
G, ,2,2,7,-,4,5
H,D, ,1,7,1,6,0,7
B,D,+,6,1, ,1,7,6,2
F,B,S, ,1,8,3,2,+,6,3,1
T,Y,C, ,4,2,1,9,-,2,7,7,-,1
H,D, ,1,7,2,6,6,9
G, ,2,6,0,-,7
H,D, ,1,7,6,8,4,1
N,G,C, ,6,6,6,7
L,P, ,4,5,-,1,2,8
N,G,C, ,6,6,8,9
L,A,W,D, ,7,3
L,P, ,4,4,-,3,3,4
*, ,t,a,u, ,D,r,a
G, ,2,6,1,-,1
G, ,2,6,1,-,6
*, ,5,9, ,D,r,a
H,D, ,1,8,6,5,4,4
B,D,+,7,8, ,6,7,1
L,A,W,D, ,8,8
L,P, ,1,0,-,5,1,5
H,D, ,2,0,7,8,9,7
B,D,+,8,3, ,6,1,9
G, ,2,6,5,-,6
